Date,District,Dengue_Cases,Temperature,Humidity,Rainfall_mm
1/1/2020,Dhaka,9,20.1,70,0
1/2/2020,Dhaka,10,21.7,73,0
1/3/2020,Dhaka,17,18.7,89,2
1/4/2020,Dhaka,22,19.2,84,18
1/5/2020,Dhaka,20,18.8,82,0
1/6/2020,Dhaka,22,16.9,75,0
1/7/2020,Dhaka,24,14.3,88,0
1/8/2020,Dhaka,30,17.1,83,0
1/9/2020,Dhaka,31,18.7,79,0
1/10/2020,Dhaka,33,19,77,0
1/11/2020,Dhaka,36,15.3,91,0
1/12/2020,Dhaka,35,14.5,93,0
1/13/2020,Dhaka,39,16.6,85,0
1/14/2020,Dhaka,40,17.6,89,0
1/15/2020,Dhaka,41,18.9,82,0
1/16/2020,Dhaka,41,19.8,80,0
1/17/2020,Dhaka,12,21,74,0
1/18/2020,Dhaka,16,21.8,73,0
1/19/2020,Dhaka,5,21.5,75,0
1/20/2020,Dhaka,9,18.3,68,0
1/21/2020,Dhaka,18,18,66,0
1/22/2020,Dhaka,7,18.3,65,0
1/23/2020,Dhaka,8,18.2,68,0
1/24/2020,Dhaka,8,18.3,62,0
1/25/2020,Dhaka,6,17.9,62,0
1/26/2020,Dhaka,5,17.9,63,0
1/27/2020,Dhaka,9,17.1,71,0
1/28/2020,Dhaka,2,18.1,74,0
1/29/2020,Dhaka,6,18.5,84,0
1/30/2020,Dhaka,0,20.5,79,1
1/31/2020,Dhaka,4,19.6,71,0
2/1/2020,Dhaka,4,19.5,59,0
2/2/2020,Dhaka,12,18.2,54,0
2/3/2020,Dhaka,17,18.4,49,0
2/4/2020,Dhaka,27,20,53,0
2/5/2020,Dhaka,20,20,54,0
2/6/2020,Dhaka,5,20.4,47,0
2/7/2020,Dhaka,6,20.5,49,0
2/8/2020,Dhaka,11,20.3,56,0
2/9/2020,Dhaka,2,21.2,54,0
2/10/2020,Dhaka,6,20.7,50,0
2/11/2020,Dhaka,5,21.1,51,0
2/12/2020,Dhaka,3,21,50,0
2/13/2020,Dhaka,7,19.9,56,0
2/14/2020,Dhaka,1,21.1,64,0
2/15/2020,Dhaka,1,22.8,73,0
2/16/2020,Dhaka,2,22.1,65,0
2/17/2020,Dhaka,5,22.9,61,0
2/18/2020,Dhaka,3,22.2,68,0
2/19/2020,Dhaka,16,22.9,59,0
2/20/2020,Dhaka,4,23.1,67,0
2/21/2020,Dhaka,0,22.9,65,0
2/22/2020,Dhaka,0,23.8,59,0
2/23/2020,Dhaka,1,24.9,60,0
2/24/2020,Dhaka,4,23.3,73,0
2/25/2020,Dhaka,2,20.9,79,0
2/26/2020,Dhaka,8,21.5,73,1
2/27/2020,Dhaka,4,22,69,0
2/28/2020,Dhaka,3,23.3,53,0
2/29/2020,Dhaka,12,24.4,53,0
3/1/2020,Dhaka,4,25.6,54,0
3/2/2020,Dhaka,3,25.2,64,0
3/3/2020,Dhaka,3,23.8,62,0
3/4/2020,Dhaka,4,24.3,67,14
3/5/2020,Dhaka,6,24.9,66,12
3/6/2020,Dhaka,7,24.6,72,0
3/7/2020,Dhaka,7,22.7,78,0
3/8/2020,Dhaka,4,24,75,0
3/9/2020,Dhaka,6,23.9,57,1
3/10/2020,Dhaka,9,23.9,53,0
3/11/2020,Dhaka,1,26,51,0
3/12/2020,Dhaka,2,27.3,59,0
3/13/2020,Dhaka,0,28.6,54,0
3/14/2020,Dhaka,0,26.2,60,0
3/15/2020,Dhaka,1,26,61,0
3/16/2020,Dhaka,1,26.8,53,0
3/17/2020,Dhaka,3,26.5,50,0
3/18/2020,Dhaka,4,26.9,51,0
3/19/2020,Dhaka,4,26.8,51,0
3/20/2020,Dhaka,5,26.2,65,0
3/21/2020,Dhaka,2,27.3,52,3
3/22/2020,Dhaka,0,24.8,60,0
3/23/2020,Dhaka,0,25.3,64,0
3/24/2020,Dhaka,0,26.7,59,0
3/25/2020,Dhaka,4,27.5,59,0
3/26/2020,Dhaka,6,28.8,58,0
3/27/2020,Dhaka,7,29.9,52,0
3/28/2020,Dhaka,14,31.1,49,0
3/29/2020,Dhaka,8,29.7,40,0
3/30/2020,Dhaka,0,28.8,39,0
3/31/2020,Dhaka,0,28.8,43,0
4/1/2020,Dhaka,1,30,50,0
4/2/2020,Dhaka,2,28.8,66,0
4/3/2020,Dhaka,5,28.3,67,2
4/4/2020,Dhaka,7,29.2,65,0
4/5/2020,Dhaka,8,28.9,70,0
4/6/2020,Dhaka,8,29.9,57,0
4/7/2020,Dhaka,8,31.2,60,0
4/8/2020,Dhaka,7,28.1,83,0
4/9/2020,Dhaka,6,30.2,60,0
4/10/2020,Dhaka,6,30.8,60,0
4/11/2020,Dhaka,7,28.4,64,0
4/12/2020,Dhaka,7,25.6,70,2
4/13/2020,Dhaka,9,29.9,65,0
4/14/2020,Dhaka,8,31.1,70,0
4/15/2020,Dhaka,6,26.5,77,0
4/16/2020,Dhaka,8,28.7,67,3
4/17/2020,Dhaka,8,28.2,77,0
4/18/2020,Dhaka,0,28.9,78,0
4/19/2020,Dhaka,0,28.7,69,5
4/20/2020,Dhaka,6,27,76,3
4/21/2020,Dhaka,14,26.4,74,0
4/22/2020,Dhaka,12,27.8,70,1
4/23/2020,Dhaka,5,25.7,83,0
4/24/2020,Dhaka,11,24.6,89,47
4/25/2020,Dhaka,23,25.8,86,20
4/26/2020,Dhaka,22,24,89,0
4/27/2020,Dhaka,20,27.1,78,40
4/28/2020,Dhaka,21,24.7,90,0
4/29/2020,Dhaka,32,27.1,79,4
4/30/2020,Dhaka,23,26,87,0
5/1/2020,Dhaka,16,25.3,90,1
5/2/2020,Dhaka,19,25.5,89,12
5/3/2020,Dhaka,15,27.7,78,10
5/4/2020,Dhaka,16,29.5,77,0
5/5/2020,Dhaka,19,29.9,76,0
5/6/2020,Dhaka,16,26.1,86,0
5/7/2020,Dhaka,16,26.8,80,18
5/8/2020,Dhaka,34,27.7,79,15
5/9/2020,Dhaka,25,29.2,74,12
5/10/2020,Dhaka,28,29.3,71,0
5/11/2020,Dhaka,22,29.4,75,4
5/12/2020,Dhaka,18,31.4,64,0
5/13/2020,Dhaka,24,28.4,80,0
5/14/2020,Dhaka,21,29.5,78,19
5/15/2020,Dhaka,37,29,83,1
5/16/2020,Dhaka,40,31,80,5
5/17/2020,Dhaka,44,31.3,77,0
5/18/2020,Dhaka,28,32.4,64,0
5/19/2020,Dhaka,33,29.3,84,0
5/20/2020,Dhaka,30,27.2,91,7
5/21/2020,Dhaka,27,27.5,87,74
5/22/2020,Dhaka,27,28.5,87,1
5/23/2020,Dhaka,22,30.6,81,0
5/24/2020,Dhaka,25,30.3,82,0
5/25/2020,Dhaka,32,30.4,79,0
5/26/2020,Dhaka,23,29.2,84,0
5/27/2020,Dhaka,48,23.7,94,63
5/28/2020,Dhaka,40,27.1,82,56
5/29/2020,Dhaka,37,28,85,0
5/30/2020,Dhaka,25,28.3,85,0
5/31/2020,Dhaka,52,30.2,74,3
6/1/2020,Dhaka,38,30.3,68,0
6/2/2020,Dhaka,36,31.2,70,1
6/3/2020,Dhaka,48,28.5,82,0
6/4/2020,Dhaka,58,27.8,87,22
6/5/2020,Dhaka,56,29.6,81,40
6/6/2020,Dhaka,57,29,83,10
6/7/2020,Dhaka,19,31.2,71,2
6/8/2020,Dhaka,9,29.5,80,0
6/9/2020,Dhaka,12,31.5,73,3
6/10/2020,Dhaka,47,29.9,78,5
6/11/2020,Dhaka,46,28.4,88,2
6/12/2020,Dhaka,48,28.6,86,3
6/13/2020,Dhaka,37,27.5,95,13
6/14/2020,Dhaka,61,29.9,81,22
6/15/2020,Dhaka,43,30.3,80,5
6/16/2020,Dhaka,52,29.6,81,0
6/17/2020,Dhaka,51,27.9,93,4
6/18/2020,Dhaka,45,27.8,90,24
6/19/2020,Dhaka,63,28.3,89,6
6/20/2020,Dhaka,59,29.9,80,89
6/21/2020,Dhaka,41,28.5,86,1
6/22/2020,Dhaka,70,29.8,81,5
6/23/2020,Dhaka,66,30.5,80,0
6/24/2020,Dhaka,47,31.4,78,0
6/25/2020,Dhaka,81,31.3,75,0
6/26/2020,Dhaka,65,30.7,78,0
6/27/2020,Dhaka,65,29.8,82,0
6/28/2020,Dhaka,55,28.1,89,0
6/29/2020,Dhaka,79,29.2,82,14
6/30/2020,Dhaka,64,30,82,0
7/1/2020,Dhaka,73,31.7,74,0
7/2/2020,Dhaka,58,31.2,78,0
7/3/2020,Dhaka,66,31.5,74,0
7/4/2020,Dhaka,74,29.2,87,0
7/5/2020,Dhaka,47,28.9,87,24
7/6/2020,Dhaka,84,29.3,86,13
7/7/2020,Dhaka,80,29.7,86,4
7/8/2020,Dhaka,66,30.5,82,1
7/9/2020,Dhaka,57,30,86,0
7/10/2020,Dhaka,80,30.5,83,22
7/11/2020,Dhaka,80,27.8,93,0
7/12/2020,Dhaka,57,27.4,93,30
7/13/2020,Dhaka,96,29.8,84,24
7/14/2020,Dhaka,77,28.5,87,0
7/15/2020,Dhaka,76,29.2,84,4
7/16/2020,Dhaka,115,30.3,80,0
7/17/2020,Dhaka,84,29.5,86,0
7/18/2020,Dhaka,88,29.9,84,10
7/19/2020,Dhaka,53,29.4,85,20
7/20/2020,Dhaka,104,27.5,95,19
7/21/2020,Dhaka,123,27.1,95,87
7/22/2020,Dhaka,129,27.8,92,43
7/23/2020,Dhaka,114,29.3,84,46
7/24/2020,Dhaka,132,28.6,86,0
7/25/2020,Dhaka,141,30.3,79,0
7/26/2020,Dhaka,74,31.1,80,0
7/27/2020,Dhaka,116,29.4,87,0
7/28/2020,Dhaka,151,28.8,90,0
7/29/2020,Dhaka,156,27.8,93,42
7/30/2020,Dhaka,203,30.4,82,15
7/31/2020,Dhaka,210,30.5,81,0
8/1/2020,Dhaka,150,31,82,0
8/2/2020,Dhaka,78,30.2,89,20
8/3/2020,Dhaka,211,31.8,79,18
8/4/2020,Dhaka,165,29.9,88,10
8/5/2020,Dhaka,164,30.8,77,26
8/6/2020,Dhaka,231,29.7,86,2
8/7/2020,Dhaka,203,30.1,85,7
8/8/2020,Dhaka,211,30.6,81,5
8/9/2020,Dhaka,147,30.1,83,0
8/10/2020,Dhaka,251,30.5,80,4
8/11/2020,Dhaka,246,31,81,0
8/12/2020,Dhaka,235,30.2,83,0
8/13/2020,Dhaka,245,31,76,16
8/14/2020,Dhaka,271,30.7,77,0
8/15/2020,Dhaka,301,28.1,89,1
8/16/2020,Dhaka,145,28,93,12
8/17/2020,Dhaka,309,28.6,88,35
8/18/2020,Dhaka,287,28.5,89,4
8/19/2020,Dhaka,260,28.6,86,1
8/20/2020,Dhaka,322,27,95,2
8/21/2020,Dhaka,335,27.3,95,18
8/22/2020,Dhaka,313,27.2,97,23
8/23/2020,Dhaka,99,27.7,96,29
8/24/2020,Dhaka,332,29.9,86,23
8/25/2020,Dhaka,316,29.3,81,4
8/26/2020,Dhaka,335,28.7,76,1
8/27/2020,Dhaka,327,28.8,83,0
8/28/2020,Dhaka,380,29.3,83,11
8/29/2020,Dhaka,374,29.6,80,12
8/30/2020,Dhaka,157,30.9,79,1
8/31/2020,Dhaka,525,30.6,81,0
9/1/2020,Dhaka,367,27.6,92,0
9/2/2020,Dhaka,359,29.8,78,29
9/3/2020,Dhaka,355,31,74,0
9/4/2020,Dhaka,277,31.3,75,0
9/5/2020,Dhaka,424,31.5,73,0
9/6/2020,Dhaka,199,31.5,71,0
9/7/2020,Dhaka,506,29.2,79,0
9/8/2020,Dhaka,248,29.6,82,0
9/9/2020,Dhaka,414,29.7,83,0
9/10/2020,Dhaka,469,28.9,86,16
9/11/2020,Dhaka,422,29.8,79,2
9/12/2020,Dhaka,504,30.3,79,8
9/13/2020,Dhaka,204,29.3,85,0
9/14/2020,Dhaka,475,29.3,83,9
9/15/2020,Dhaka,530,29.5,81,0
9/16/2020,Dhaka,530,29.7,81,0
9/17/2020,Dhaka,535,29.5,82,0
9/18/2020,Dhaka,572,29.8,83,2
9/19/2020,Dhaka,544,32.1,69,3
9/20/2020,Dhaka,311,30.3,79,0
9/21/2020,Dhaka,527,29.4,82,6
9/22/2020,Dhaka,596,28.8,87,2
9/23/2020,Dhaka,582,28,88,1
9/24/2020,Dhaka,501,28.3,88,23
9/25/2020,Dhaka,527,28.2,89,27
9/26/2020,Dhaka,498,28.1,88,5
9/27/2020,Dhaka,286,28.2,87,7
9/28/2020,Dhaka,488,29.7,80,0
9/29/2020,Dhaka,625,29.5,83,0
9/30/2020,Dhaka,552,29.8,82,0
10/1/2020,Dhaka,539,28.9,87,0
10/2/2020,Dhaka,607,28.7,86,27
10/3/2020,Dhaka,505,29.6,81,0
10/4/2020,Dhaka,262,29.6,81,0
10/5/2020,Dhaka,381,29.2,80,8
10/6/2020,Dhaka,483,28.7,85,5
10/7/2020,Dhaka,504,28.8,85,15
10/8/2020,Dhaka,457,29.3,86,23
10/9/2020,Dhaka,466,30.6,77,2
10/10/2020,Dhaka,482,30.9,78,0
10/11/2020,Dhaka,157,30.6,81,1
10/12/2020,Dhaka,537,28.6,88,0
10/13/2020,Dhaka,433,29.2,82,57
10/14/2020,Dhaka,432,27.8,89,0
10/15/2020,Dhaka,379,29.6,82,23
10/16/2020,Dhaka,379,30.8,74,0
10/17/2020,Dhaka,360,30.7,68,0
10/18/2020,Dhaka,178,29.7,80,0
10/19/2020,Dhaka,327,29.4,81,0
10/20/2020,Dhaka,327,29.5,81,0
10/21/2020,Dhaka,296,27.1,91,9
10/22/2020,Dhaka,273,25.3,93,46
10/23/2020,Dhaka,269,25.3,93,44
10/24/2020,Dhaka,265,25.6,93,38
10/25/2020,Dhaka,148,26.8,86,1
10/26/2020,Dhaka,248,27.6,81,0
10/27/2020,Dhaka,284,28.1,75,0
10/28/2020,Dhaka,217,28.9,73,0
10/29/2020,Dhaka,260,29.9,72,0
10/30/2020,Dhaka,246,30.2,71,0
10/31/2020,Dhaka,225,27.6,80,1
11/1/2020,Dhaka,85,26.4,90,1
11/2/2020,Dhaka,214,27.5,84,36
11/3/2020,Dhaka,215,27.7,84,0
11/4/2020,Dhaka,179,25.9,61,0
11/5/2020,Dhaka,141,24.3,59,0
11/6/2020,Dhaka,137,24,59,0
11/7/2020,Dhaka,148,24.2,73,0
11/8/2020,Dhaka,68,25.7,72,0
11/9/2020,Dhaka,151,26,69,0
11/10/2020,Dhaka,111,26.6,66,0
11/11/2020,Dhaka,126,27,58,0
11/12/2020,Dhaka,115,27,67,0
11/13/2020,Dhaka,107,26.9,68,0
11/14/2020,Dhaka,102,26.9,60,0
11/15/2020,Dhaka,35,25.8,66,0
11/16/2020,Dhaka,75,25.1,70,0
11/17/2020,Dhaka,73,25.2,70,0
11/18/2020,Dhaka,73,24.5,65,0
11/19/2020,Dhaka,74,24.4,72,0
11/20/2020,Dhaka,75,24.7,82,0
11/21/2020,Dhaka,61,23.8,87,3
11/22/2020,Dhaka,34,22.3,57,0
11/23/2020,Dhaka,66,21.6,58,0
11/24/2020,Dhaka,34,21.6,70,0
11/25/2020,Dhaka,50,21.9,71,0
11/26/2020,Dhaka,42,21.5,70,0
11/27/2020,Dhaka,43,22.8,70,0
11/28/2020,Dhaka,25,23.5,67,0
11/29/2020,Dhaka,43,23.3,66,0
11/30/2020,Dhaka,33,23,71,0
12/1/2020,Dhaka,225,23.2,71,0
12/2/2020,Dhaka,85,23.1,69,0
12/3/2020,Dhaka,214,22.5,71,0
12/4/2020,Dhaka,215,22,70,0
12/5/2020,Dhaka,179,22,77,0
12/6/2020,Dhaka,141,22.3,81,0
12/7/2020,Dhaka,137,22.3,85,0
12/8/2020,Dhaka,148,21.2,89,0
12/9/2020,Dhaka,68,19.5,92,0
12/10/2020,Dhaka,151,19.7,88,0
12/11/2020,Dhaka,111,19,82,0
12/12/2020,Dhaka,126,19.1,86,0
12/13/2020,Dhaka,115,20.5,83,0
12/14/2020,Dhaka,107,20.6,79,0
12/15/2020,Dhaka,102,19.9,81,0
12/16/2020,Dhaka,35,21.3,70,0
12/17/2020,Dhaka,75,20.6,67,0
12/18/2020,Dhaka,73,19,58,0
12/19/2020,Dhaka,73,18.4,54,0
12/20/2020,Dhaka,74,18.5,70,0
12/21/2020,Dhaka,75,18.1,77,0
12/22/2020,Dhaka,61,18.4,77,0
12/23/2020,Dhaka,34,18.8,80,0
12/24/2020,Dhaka,66,19.9,74,0
12/25/2020,Dhaka,34,20.6,64,0
12/26/2020,Dhaka,50,20,61,0
12/27/2020,Dhaka,42,19.4,64,0
12/28/2020,Dhaka,43,18.7,71,0
12/29/2020,Dhaka,25,19.9,66,0
12/30/2020,Dhaka,43,20.3,65,0
12/31/2020,Dhaka,33,20,66,0
1/1/2021,Dhaka,5,20.4,65,0
1/2/2021,Dhaka,2,20.3,63,0
1/3/2021,Dhaka,2,20.2,70,0
1/4/2021,Dhaka,1,21.2,69,0
1/5/2021,Dhaka,8,21.2,72,0
1/6/2021,Dhaka,24,22.6,66,0
1/7/2021,Dhaka,46,22.7,67,0
1/8/2021,Dhaka,108,23,66,0
1/9/2021,Dhaka,255,21.9,75,0
1/10/2021,Dhaka,529,22.2,74,0
1/11/2021,Dhaka,309,22.9,74,0
1/12/2021,Dhaka,222,21.2,68,0
1/13/2021,Dhaka,21,19,62,0
1/14/2021,Dhaka,21,18.7,60,0
1/15/2021,Dhaka,22,17.8,64,0
1/16/2021,Dhaka,22,18.2,71,0
1/17/2021,Dhaka,7,17.7,78,0
1/18/2021,Dhaka,10,17.2,81,0
1/19/2021,Dhaka,5,18.5,85,0
1/20/2021,Dhaka,5,19.5,85,0
1/21/2021,Dhaka,9,19.5,78,0
1/22/2021,Dhaka,4,17.9,80,0
1/23/2021,Dhaka,5,16.6,84,0
1/24/2021,Dhaka,5,17.6,85,0
1/25/2021,Dhaka,4,18.6,73,0
1/26/2021,Dhaka,3,17.9,79,0
1/27/2021,Dhaka,5,17.2,74,0
1/28/2021,Dhaka,2,17.5,78,0
1/29/2021,Dhaka,3,19,72,0
1/30/2021,Dhaka,0,18,64,0
1/31/2021,Dhaka,2,16.4,64,0
2/1/2021,Dhaka,9,15.9,68,0
2/2/2021,Dhaka,7,19.1,62,0
2/3/2021,Dhaka,2,20.3,58,0
2/4/2021,Dhaka,1,20.7,65,0
2/5/2021,Dhaka,10,21.4,63,0
2/6/2021,Dhaka,28,22.3,53,0
2/7/2021,Dhaka,53,20.8,59,0
2/8/2021,Dhaka,65,22,52,0
2/9/2021,Dhaka,215,21.7,50,0
2/10/2021,Dhaka,484,21.2,57,0
2/11/2021,Dhaka,407,22,66,0
2/12/2021,Dhaka,82,21.8,71,0
2/13/2021,Dhaka,4,21.8,63,0
2/14/2021,Dhaka,1,22.3,64,0
2/15/2021,Dhaka,1,22.8,64,0
2/16/2021,Dhaka,1,22.9,64,0
2/17/2021,Dhaka,3,22.8,65,0
2/18/2021,Dhaka,2,24.4,55,0
2/19/2021,Dhaka,8,24.6,60,0
2/20/2021,Dhaka,2,22.9,60,0
2/21/2021,Dhaka,0,24,51,0
2/22/2021,Dhaka,0,24.5,48,0
2/23/2021,Dhaka,1,24,56,0
2/24/2021,Dhaka,2,24.7,63,0
2/25/2021,Dhaka,1,25.8,59,0
2/26/2021,Dhaka,4,26.7,66,0
2/27/2021,Dhaka,2,27.3,66,0
2/28/2021,Dhaka,2,27.4,69,0
3/1/2021,Dhaka,11,27.9,68,0
3/2/2021,Dhaka,10,26.6,55,0
3/3/2021,Dhaka,2,26.6,46,0
3/4/2021,Dhaka,4,25.8,51,0
3/5/2021,Dhaka,8,27,73,0
3/6/2021,Dhaka,32,27.7,71,0
3/7/2021,Dhaka,49,27.7,69,0
3/8/2021,Dhaka,135,27.7,74,0
3/9/2021,Dhaka,280,27,75,0
3/10/2021,Dhaka,429,26.9,77,0
3/11/2021,Dhaka,357,27.5,75,0
3/12/2021,Dhaka,211,28,69,0
3/13/2021,Dhaka,0,25.6,70,0
3/14/2021,Dhaka,0,25.4,59,3
3/15/2021,Dhaka,1,26.5,59,0
3/16/2021,Dhaka,1,27.8,58,0
3/17/2021,Dhaka,2,28.1,47,0
3/18/2021,Dhaka,2,28.1,47,0
3/19/2021,Dhaka,2,28.3,50,0
3/20/2021,Dhaka,3,29.1,48,0
3/21/2021,Dhaka,1,30.3,52,0
3/22/2021,Dhaka,0,29.7,51,0
3/23/2021,Dhaka,0,30.6,42,0
3/24/2021,Dhaka,0,31.7,45,0
3/25/2021,Dhaka,2,30.5,35,0
3/26/2021,Dhaka,3,30.6,36,0
3/27/2021,Dhaka,4,29.7,42,0
3/28/2021,Dhaka,7,30.4,39,0
3/29/2021,Dhaka,4,29.9,64,0
3/30/2021,Dhaka,2,30.1,75,0
3/31/2021,Dhaka,0,30.8,71,0
4/1/2021,Dhaka,12,31.1,65,0
4/2/2021,Dhaka,14,30.4,62,0
4/3/2021,Dhaka,2,29.6,67,0
4/4/2021,Dhaka,4,27.8,59,0
4/5/2021,Dhaka,8,27.1,54,10
4/6/2021,Dhaka,36,28.4,52,0
4/7/2021,Dhaka,53,30.3,59,0
4/8/2021,Dhaka,116,29.4,65,0
4/9/2021,Dhaka,218,29.9,63,0
4/10/2021,Dhaka,305,30.2,71,0
4/11/2021,Dhaka,217,30.7,63,0
4/12/2021,Dhaka,212,31.7,59,0
4/13/2021,Dhaka,5,31.4,59,0
4/14/2021,Dhaka,4,31.4,65,0
4/15/2021,Dhaka,3,31,69,0
4/16/2021,Dhaka,5,30.7,68,0
4/17/2021,Dhaka,5,27.4,69,24
4/18/2021,Dhaka,1,29.9,64,0
4/19/2021,Dhaka,0,31,63,0
4/20/2021,Dhaka,4,31.2,70,0
4/21/2021,Dhaka,8,30.7,66,0
4/22/2021,Dhaka,6,28.8,71,3
4/23/2021,Dhaka,6,29,51,0
4/24/2021,Dhaka,3,30.5,46,0
4/25/2021,Dhaka,6,33.4,41,0
4/26/2021,Dhaka,12,33.1,47,0
4/27/2021,Dhaka,13,32.4,58,0
4/28/2021,Dhaka,11,30.6,64,0
4/29/2021,Dhaka,11,31.4,59,2
4/30/2021,Dhaka,16,32.2,56,0
5/1/2021,Dhaka,12,30.5,55,0
5/2/2021,Dhaka,11,29.6,64,0
5/3/2021,Dhaka,11,28.8,64,9
5/4/2021,Dhaka,11,27.2,71,0
5/5/2021,Dhaka,3,29.2,60,0
5/6/2021,Dhaka,4,28.8,63,0
5/7/2021,Dhaka,10,30.8,58,2
5/8/2021,Dhaka,35,30,60,0
5/9/2021,Dhaka,45,28.2,65,0
5/10/2021,Dhaka,102,28.8,67,0
5/11/2021,Dhaka,291,25.5,81,24
5/12/2021,Dhaka,326,28.7,65,14
5/13/2021,Dhaka,258,27.7,76,0
5/14/2021,Dhaka,176,30,68,0
5/15/2021,Dhaka,13,28.8,79,0
5/16/2021,Dhaka,12,30.7,71,53
5/17/2021,Dhaka,19,31.9,70,0
5/18/2021,Dhaka,24,28.8,85,0
5/19/2021,Dhaka,28,30.9,76,45
5/20/2021,Dhaka,17,31.2,74,0
5/21/2021,Dhaka,19,32.3,66,0
5/22/2021,Dhaka,15,32.9,63,0
5/23/2021,Dhaka,18,33.9,62,0
5/24/2021,Dhaka,17,31.7,68,0
5/25/2021,Dhaka,18,29.5,77,36
5/26/2021,Dhaka,19,28.2,71,1
5/27/2021,Dhaka,19,29.4,77,0
5/28/2021,Dhaka,15,30.7,77,2
5/29/2021,Dhaka,27,31.7,70,1
5/30/2021,Dhaka,28,30.7,75,4
5/31/2021,Dhaka,24,27.6,86,25
6/1/2021,Dhaka,22,26.7,89,21
6/2/2021,Dhaka,33,30.1,75,85
6/3/2021,Dhaka,13,29.8,79,0
6/4/2021,Dhaka,3,31.4,73,15
6/5/2021,Dhaka,4,27,89,0
6/6/2021,Dhaka,4,27.1,90,118
6/7/2021,Dhaka,9,29,81,12
6/8/2021,Dhaka,38,27.5,85,0
6/9/2021,Dhaka,58,30.4,74,10
6/10/2021,Dhaka,154,30.4,74,23
6/11/2021,Dhaka,212,28.2,86,31
6/12/2021,Dhaka,450,29.4,79,30
6/13/2021,Dhaka,307,29.9,79,2
6/14/2021,Dhaka,138,28.9,85,4
6/15/2021,Dhaka,25,28.8,85,5
6/16/2021,Dhaka,39,27.5,84,9
6/17/2021,Dhaka,33,27.2,85,5
6/18/2021,Dhaka,42,27.1,87,30
6/19/2021,Dhaka,40,25.6,93,22
6/20/2021,Dhaka,42,26.6,90,31
6/21/2021,Dhaka,44,28.2,87,12
6/22/2021,Dhaka,43,27.5,91,3
6/23/2021,Dhaka,34,29.5,79,24
6/24/2021,Dhaka,48,30,78,0
6/25/2021,Dhaka,46,29.9,79,1
6/26/2021,Dhaka,32,30,81,0
6/27/2021,Dhaka,57,30.1,80,6
6/28/2021,Dhaka,47,29.9,82,1
6/29/2021,Dhaka,41,27.7,89,0
6/30/2021,Dhaka,51,28.6,86,46
7/1/2021,Dhaka,59,26,87,19
7/2/2021,Dhaka,49,25.8,93,33
7/3/2021,Dhaka,13,28.9,83,64
7/4/2021,Dhaka,3,27.6,91,1
7/5/2021,Dhaka,3,29.8,81,60
7/6/2021,Dhaka,4,30.2,83,1
7/7/2021,Dhaka,5,28.5,89,4
7/8/2021,Dhaka,8,29.5,80,5
7/9/2021,Dhaka,18,29.8,80,3
7/10/2021,Dhaka,54,30.4,80,0
7/11/2021,Dhaka,138,30.6,78,0
7/12/2021,Dhaka,351,31.4,73,0
7/13/2021,Dhaka,348,30,78,0
7/14/2021,Dhaka,323,30.6,74,0
7/15/2021,Dhaka,134,31.5,71,0
7/16/2021,Dhaka,68,30.2,80,0
7/17/2021,Dhaka,59,29.9,81,4
7/18/2021,Dhaka,53,29.7,82,0
7/19/2021,Dhaka,85,28.5,90,5
7/20/2021,Dhaka,60,28.9,86,8
7/21/2021,Dhaka,66,29.3,85,14
7/22/2021,Dhaka,46,30.3,77,20
7/23/2021,Dhaka,80,28.8,83,1
7/24/2021,Dhaka,88,28.5,90,2
7/25/2021,Dhaka,82,30.3,79,16
7/26/2021,Dhaka,89,31.2,78,3
7/27/2021,Dhaka,96,29.1,83,0
7/28/2021,Dhaka,91,28.5,83,22
7/29/2021,Dhaka,74,26.9,93,2
7/30/2021,Dhaka,87,28.2,90,32
7/31/2021,Dhaka,105,28.5,88,14
8/1/2021,Dhaka,102,28.8,87,4
8/2/2021,Dhaka,138,29.3,86,4
8/3/2021,Dhaka,134,30.2,81,3
8/4/2021,Dhaka,16,30,83,12
8/5/2021,Dhaka,6,30.7,78,8
8/6/2021,Dhaka,2,29.2,85,13
8/7/2021,Dhaka,4,28.6,86,16
8/8/2021,Dhaka,20,28.4,87,11
8/9/2021,Dhaka,13,30,84,11
8/10/2021,Dhaka,48,29.4,88,1
8/11/2021,Dhaka,135,29.8,85,14
8/12/2021,Dhaka,226,29.8,84,3
8/13/2021,Dhaka,478,29,88,25
8/14/2021,Dhaka,259,30,82,38
8/15/2021,Dhaka,145,30.3,81,0
8/16/2021,Dhaka,167,29.7,81,0
8/17/2021,Dhaka,171,28.5,85,13
8/18/2021,Dhaka,185,27.9,88,11
8/19/2021,Dhaka,127,28.6,83,3
8/20/2021,Dhaka,193,28.9,81,0
8/21/2021,Dhaka,184,29.3,80,1
8/22/2021,Dhaka,153,30.6,75,5
8/23/2021,Dhaka,210,28.3,86,0
8/24/2021,Dhaka,226,29.2,83,31
8/25/2021,Dhaka,218,29.6,85,9
8/26/2021,Dhaka,103,27.8,90,6
8/27/2021,Dhaka,229,29.2,85,5
8/28/2021,Dhaka,225,30.3,76,1
8/29/2021,Dhaka,201,29.5,80,0
8/30/2021,Dhaka,218,29.3,80,1
8/31/2021,Dhaka,262,29.7,81,0
9/1/2021,Dhaka,262,29,84,1
9/2/2021,Dhaka,177,28.4,87,1
9/3/2021,Dhaka,364,30.7,74,13
9/4/2021,Dhaka,18,30,82,0
9/5/2021,Dhaka,601,30.6,77,2
9/6/2021,Dhaka,4,30,75,18
9/7/2021,Dhaka,3,29,79,1
9/8/2021,Dhaka,13,28.8,80,2
9/9/2021,Dhaka,20,28.4,87,0
9/10/2021,Dhaka,37,31.3,75,14
9/11/2021,Dhaka,99,31.1,75,6
9/12/2021,Dhaka,277,31.2,71,0
9/13/2021,Dhaka,354,30.2,73,0
9/14/2021,Dhaka,305,27.7,87,1
9/15/2021,Dhaka,65,30.2,77,9
9/16/2021,Dhaka,221,29.4,82,0
9/17/2021,Dhaka,370,28.5,85,1
9/18/2021,Dhaka,412,28.5,85,1
9/19/2021,Dhaka,520,27.9,84,2
9/20/2021,Dhaka,419,28.3,83,0
9/21/2021,Dhaka,426,28.8,80,0
9/22/2021,Dhaka,399,28.8,78,0
9/23/2021,Dhaka,313,30.1,74,1
9/24/2021,Dhaka,428,31.6,73,0
9/25/2021,Dhaka,451,28.3,88,0
9/26/2021,Dhaka,337,29.1,80,54
9/27/2021,Dhaka,413,29.6,78,8
9/28/2021,Dhaka,418,28,82,0
9/29/2021,Dhaka,413,27.5,89,4
9/30/2021,Dhaka,303,30.1,77,2
10/1/2021,Dhaka,431,30.4,78,0
10/2/2021,Dhaka,496,30.7,75,0
10/3/2021,Dhaka,351,29.3,80,0
10/4/2021,Dhaka,18,29.3,81,3
10/5/2021,Dhaka,3,27.7,89,2
10/6/2021,Dhaka,5,27.8,87,15
10/7/2021,Dhaka,4,29.5,80,44
10/8/2021,Dhaka,15,29.9,80,0
10/9/2021,Dhaka,32,30.4,78,0
10/10/2021,Dhaka,42,30.3,80,0
10/11/2021,Dhaka,162,31.2,71,1
10/12/2021,Dhaka,357,31.2,75,0
10/13/2021,Dhaka,445,29.9,80,0
10/14/2021,Dhaka,293,30,78,0
10/15/2021,Dhaka,148,31.3,72,1
10/16/2021,Dhaka,465,29.4,81,2
10/17/2021,Dhaka,315,30.3,73,14
10/18/2021,Dhaka,424,27.2,85,0
10/19/2021,Dhaka,451,26.7,87,27
10/20/2021,Dhaka,442,27,89,14
10/21/2021,Dhaka,353,27.5,79,33
10/22/2021,Dhaka,446,26.6,82,0
10/23/2021,Dhaka,432,26.9,75,0
10/24/2021,Dhaka,300,27.1,70,0
10/25/2021,Dhaka,397,26.4,80,0
10/26/2021,Dhaka,429,27.1,77,10
10/27/2021,Dhaka,420,27.1,78,0
10/28/2021,Dhaka,321,27.7,77,0
10/29/2021,Dhaka,384,29.1,66,0
10/30/2021,Dhaka,388,28.4,60,0
10/31/2021,Dhaka,248,27,54,0
11/1/2021,Dhaka,371,25.5,65,0
11/2/2021,Dhaka,432,25.3,66,0
11/3/2021,Dhaka,385,26.1,66,0
11/4/2021,Dhaka,20,25.6,56,0
11/5/2021,Dhaka,3,25.1,62,0
11/6/2021,Dhaka,2,25.2,59,0
11/7/2021,Dhaka,4,24,68,0
11/8/2021,Dhaka,11,24.4,70,0
11/9/2021,Dhaka,33,25,69,0
11/10/2021,Dhaka,44,25.7,67,0
11/11/2021,Dhaka,160,26.6,67,0
11/12/2021,Dhaka,331,26.2,65,0
11/13/2021,Dhaka,310,21.6,90,0
11/14/2021,Dhaka,138,21.4,90,16
11/15/2021,Dhaka,108,22,92,10
11/16/2021,Dhaka,267,23.6,74,1
11/17/2021,Dhaka,264,23.7,69,0
11/18/2021,Dhaka,204,24,66,0
11/19/2021,Dhaka,224,23.5,72,0
11/20/2021,Dhaka,213,23.8,69,0
11/21/2021,Dhaka,122,24,67,0
11/22/2021,Dhaka,197,24.7,67,0
11/23/2021,Dhaka,198,25.5,72,0
11/24/2021,Dhaka,175,25,70,0
11/25/2021,Dhaka,150,23.7,62,0
11/26/2021,Dhaka,164,23,59,0
11/27/2021,Dhaka,146,22.3,66,0
11/28/2021,Dhaka,96,22.4,65,0
11/29/2021,Dhaka,142,22.9,64,0
11/30/2021,Dhaka,160,22.8,68,0
12/1/2021,Dhaka,118,23.8,65,0
12/2/2021,Dhaka,148,23.8,67,0
12/3/2021,Dhaka,136,23.6,68,0
12/4/2021,Dhaka,18,23.4,73,0
12/5/2021,Dhaka,2,21.9,88,0
12/6/2021,Dhaka,1,20.9,98,44
12/7/2021,Dhaka,4,21.9,94,104
12/8/2021,Dhaka,9,22.6,86,3
12/9/2021,Dhaka,36,23.8,73,0
12/10/2021,Dhaka,50,22.1,71,2
12/11/2021,Dhaka,143,21.8,71,0
12/12/2021,Dhaka,366,21.1,63,0
12/13/2021,Dhaka,476,20.4,70,0
12/14/2021,Dhaka,323,21.3,66,0
12/15/2021,Dhaka,123,21.3,65,0
12/16/2021,Dhaka,112,21.1,67,0
12/17/2021,Dhaka,104,20.9,62,0
12/18/2021,Dhaka,99,21,65,0
12/19/2021,Dhaka,32,19.5,60,0
12/20/2021,Dhaka,72,18.2,67,0
12/21/2021,Dhaka,70,19.3,73,0
12/22/2021,Dhaka,70,19.1,80,0
12/23/2021,Dhaka,71,19.1,79,0
12/24/2021,Dhaka,72,19.5,76,0
12/25/2021,Dhaka,58,20,76,0
12/26/2021,Dhaka,31,20,73,0
12/27/2021,Dhaka,63,20.2,75,0
12/28/2021,Dhaka,31,20,73,0
12/29/2021,Dhaka,47,19.7,75,0
12/30/2021,Dhaka,39,20.6,72,0
12/31/2021,Dhaka,40,20.7,65,0
1/1/2022,Dhaka,1,20,71,0
1/2/2022,Dhaka,7,18.3,83,0
1/3/2022,Dhaka,4,19.1,74,0
1/4/2022,Dhaka,2,18.9,76,0
1/5/2022,Dhaka,2,18,83,0
1/6/2022,Dhaka,3,19.2,76,0
1/7/2022,Dhaka,1,21.1,71,0
1/8/2022,Dhaka,2,21.9,65,0
1/9/2022,Dhaka,4,22.2,67,0
1/10/2022,Dhaka,2,22.3,66,0
1/11/2022,Dhaka,3,22.3,67,0
1/12/2022,Dhaka,0,21.2,77,1
1/13/2022,Dhaka,3,21.3,73,0
1/14/2022,Dhaka,1,19.6,72,0
1/15/2022,Dhaka,3,19.5,74,0
1/16/2022,Dhaka,2,19,65,0
1/17/2022,Dhaka,2,20,66,0
1/18/2022,Dhaka,3,19.5,73,0
1/19/2022,Dhaka,5,18.7,77,0
1/20/2022,Dhaka,1,18.1,75,0
1/21/2022,Dhaka,0,18.8,72,0
1/22/2022,Dhaka,0,19.1,73,0
1/23/2022,Dhaka,1,19.8,73,0
1/24/2022,Dhaka,2,19.8,81,7
1/25/2022,Dhaka,1,21.1,79,0
1/26/2022,Dhaka,0,20.5,81,0
1/27/2022,Dhaka,1,19,58,4
1/28/2022,Dhaka,2,17.3,56,0
1/29/2022,Dhaka,0,16.8,65,0
1/30/2022,Dhaka,0,16.8,71,0
1/31/2022,Dhaka,0,18.1,68,0
2/1/2022,Dhaka,0,20.1,72,0
2/2/2022,Dhaka,2,21.2,63,0
2/3/2022,Dhaka,2,22,77,0
2/4/2022,Dhaka,0,18.6,87,0
2/5/2022,Dhaka,2,18.4,73,16
2/6/2022,Dhaka,1,17.4,72,0
2/7/2022,Dhaka,0,17.7,71,0
2/8/2022,Dhaka,0,18.6,68,0
2/9/2022,Dhaka,0,20.3,67,0
2/10/2022,Dhaka,0,18.6,80,0
2/11/2022,Dhaka,0,20.3,72,0
2/12/2022,Dhaka,1,19.9,52,0
2/13/2022,Dhaka,1,20.8,54,0
2/14/2022,Dhaka,0,21.3,53,0
2/15/2022,Dhaka,0,21.4,52,0
2/16/2022,Dhaka,0,21.9,46,0
2/17/2022,Dhaka,0,21.6,54,0
2/18/2022,Dhaka,0,21.9,45,0
2/19/2022,Dhaka,0,21.2,47,0
2/20/2022,Dhaka,0,20.8,63,0
2/21/2022,Dhaka,0,21.4,59,4
2/22/2022,Dhaka,0,22.5,60,0
2/23/2022,Dhaka,1,22.6,68,0
2/24/2022,Dhaka,0,24.7,57,0
2/25/2022,Dhaka,0,24.7,57,0
2/26/2022,Dhaka,0,15,61,0
2/27/2022,Dhaka,0,24.7,62,0
2/28/2022,Dhaka,0,25.4,64,0
3/1/2022,Dhaka,0,25.3,50,0
3/2/2022,Dhaka,1,25.4,48,0
3/3/2022,Dhaka,0,25,50,0
3/4/2022,Dhaka,0,24.8,50,0
3/5/2022,Dhaka,0,25.9,48,0
3/6/2022,Dhaka,1,26.5,45,0
3/7/2022,Dhaka,0,27.5,50,0
3/8/2022,Dhaka,0,28.1,55,0
3/9/2022,Dhaka,1,28.2,48,0
3/10/2022,Dhaka,1,27.7,45,0
3/11/2022,Dhaka,2,27.4,44,0
3/12/2022,Dhaka,0,27.9,44,0
3/13/2022,Dhaka,0,28,44,0
3/14/2022,Dhaka,0,28.9,53,0
3/15/2022,Dhaka,0,28.8,49,0
3/16/2022,Dhaka,0,29.8,46,0
3/17/2022,Dhaka,0,29.3,48,0
3/18/2022,Dhaka,0,29.4,49,0
3/19/2022,Dhaka,0,29.7,43,0
3/20/2022,Dhaka,0,29.5,48,0
3/21/2022,Dhaka,0,28.8,60,0
3/22/2022,Dhaka,0,29,66,0
3/23/2022,Dhaka,0,30.7,59,0
3/24/2022,Dhaka,0,28.9,70,0
3/25/2022,Dhaka,0,28.9,73,0
3/26/2022,Dhaka,0,29.2,74,0
3/27/2022,Dhaka,1,28.5,77,0
3/28/2022,Dhaka,0,28.5,72,9
3/29/2022,Dhaka,0,27.9,76,0
3/30/2022,Dhaka,4,28.7,75,5
3/31/2022,Dhaka,0,29.4,71,0
4/1/2022,Dhaka,0,29.9,72,0
4/2/2022,Dhaka,0,29.5,73,0
4/3/2022,Dhaka,2,29.3,72,0
4/4/2022,Dhaka,0,29.4,70,0
4/5/2022,Dhaka,0,29.7,68,0
4/6/2022,Dhaka,0,29.8,69,0
4/7/2022,Dhaka,1,30.2,67,0
4/8/2022,Dhaka,0,29.9,66,0
4/9/2022,Dhaka,0,29.8,70,0
4/10/2022,Dhaka,2,30.1,69,0
4/11/2022,Dhaka,1,30.1,73,0
4/12/2022,Dhaka,0,29.5,75,0
4/13/2022,Dhaka,1,30.3,70,0
4/14/2022,Dhaka,0,30.1,75,0
4/15/2022,Dhaka,0,30.7,73,0
4/16/2022,Dhaka,1,30.4,73,0
4/17/2022,Dhaka,1,30,74,0
4/18/2022,Dhaka,1,30.7,71,0
4/19/2022,Dhaka,0,30.5,67,0
4/20/2022,Dhaka,2,22.7,83,0
4/21/2022,Dhaka,1,27.6,77,60
4/22/2022,Dhaka,0,27,82,0
4/23/2022,Dhaka,0,29.2,79,41
4/24/2022,Dhaka,1,30.9,77,0
4/25/2022,Dhaka,1,31.1,75,0
4/26/2022,Dhaka,3,31.2,73,0
4/27/2022,Dhaka,1,30.9,73,0
4/28/2022,Dhaka,0,29.8,60,0
4/29/2022,Dhaka,0,28.2,74,1
4/30/2022,Dhaka,0,29.8,60,4
5/1/2022,Dhaka,0,30.5,65,1
5/2/2022,Dhaka,0,28.7,67,6
5/3/2022,Dhaka,0,26.2,82,1
5/4/2022,Dhaka,0,27,83,14
5/5/2022,Dhaka,1,28.7,76,1
5/6/2022,Dhaka,1,28.2,74,0
5/7/2022,Dhaka,0,28.9,76,4
5/8/2022,Dhaka,5,30.5,69,0
5/9/2022,Dhaka,1,27.8,80,25
5/10/2022,Dhaka,2,26.4,92,1
5/11/2022,Dhaka,0,27.4,89,37
5/12/2022,Dhaka,0,28.8,81,0
5/13/2022,Dhaka,1,28.7,82,0
5/14/2022,Dhaka,3,30.7,73,1
5/15/2022,Dhaka,1,31,72,0
5/16/2022,Dhaka,8,31.2,73,0
5/17/2022,Dhaka,12,31.2,74,0
5/18/2022,Dhaka,5,31.8,71,0
5/19/2022,Dhaka,5,29.8,74,0
5/20/2022,Dhaka,0,29.4,73,0
5/21/2022,Dhaka,9,26.4,77,42
5/22/2022,Dhaka,6,30.1,69,14
5/23/2022,Dhaka,14,30.8,70,0
5/24/2022,Dhaka,12,30.4,67,0
5/25/2022,Dhaka,6,27.3,81,0
5/26/2022,Dhaka,7,29.3,74,39
5/27/2022,Dhaka,5,29.3,62,0
5/28/2022,Dhaka,15,29.3,75,0
5/29/2022,Dhaka,10,28.8,72,0
5/30/2022,Dhaka,18,27.9,87,0
5/31/2022,Dhaka,14,29.3,77,31
6/1/2022,Dhaka,9,29.3,81,0
6/2/2022,Dhaka,19,29.7,79,19
6/3/2022,Dhaka,16,29.4,82,2
6/4/2022,Dhaka,13,28.6,82,12
6/5/2022,Dhaka,14,31.3,76,0
6/6/2022,Dhaka,19,31,70,0
6/7/2022,Dhaka,16,30.5,76,0
6/8/2022,Dhaka,16,31.7,74,0
6/9/2022,Dhaka,28,25.9,88,0
6/10/2022,Dhaka,17,29.5,75,64
6/11/2022,Dhaka,19,30.5,76,0
6/12/2022,Dhaka,23,30.9,76,0
6/13/2022,Dhaka,13,30.7,78,0
6/14/2022,Dhaka,17,30.4,76,2
6/15/2022,Dhaka,22,29.9,78,0
6/16/2022,Dhaka,31,29.2,81,1
6/17/2022,Dhaka,29,26.7,92,2
6/18/2022,Dhaka,39,27.5,89,34
6/19/2022,Dhaka,24,28,84,3
6/20/2022,Dhaka,26,27.5,83,0
6/21/2022,Dhaka,27,27.5,83,12
6/22/2022,Dhaka,26,29.2,79,0
6/23/2022,Dhaka,26,28.7,79,0
6/24/2022,Dhaka,16,29.9,73,1
6/25/2022,Dhaka,33,29.7,74,0
6/26/2022,Dhaka,29,30.7,73,0
6/27/2022,Dhaka,17,30.9,72,0
6/28/2022,Dhaka,46,30.6,74,0
6/29/2022,Dhaka,38,29.5,81,0
6/30/2022,Dhaka,33,28.4,88,16
7/1/2022,Dhaka,19,29.8,78,5
7/2/2022,Dhaka,47,30.2,74,3
7/3/2022,Dhaka,32,29.6,78,0
7/4/2022,Dhaka,31,30.7,74,9
7/5/2022,Dhaka,43,32.2,72,0
7/6/2022,Dhaka,32,30.8,75,0
7/7/2022,Dhaka,28,30.5,80,0
7/8/2022,Dhaka,29,31.1,73,0
7/9/2022,Dhaka,17,31.6,76,0
7/10/2022,Dhaka,4,30.6,74,0
7/11/2022,Dhaka,7,30.6,74,0
7/12/2022,Dhaka,42,31.4,69,0
7/13/2022,Dhaka,39,31.7,67,0
7/14/2022,Dhaka,41,31.7,69,0
7/15/2022,Dhaka,30,31.5,72,2
7/16/2022,Dhaka,54,31.6,68,3
7/17/2022,Dhaka,35,31.2,73,0
7/18/2022,Dhaka,44,30.7,74,0
7/19/2022,Dhaka,38,30.3,77,0
7/20/2022,Dhaka,56,29.3,83,2
7/21/2022,Dhaka,52,30.7,75,2
7/22/2022,Dhaka,34,31.7,71,0
7/23/2022,Dhaka,63,30.4,75,0
7/24/2022,Dhaka,59,27.6,86,2
7/25/2022,Dhaka,40,28.8,78,6
7/26/2022,Dhaka,74,28.1,85,0
7/27/2022,Dhaka,58,30.5,71,1
7/28/2022,Dhaka,58,30,77,9
7/29/2022,Dhaka,48,30.9,72,7
7/30/2022,Dhaka,72,31,71,0
7/31/2022,Dhaka,57,29.6,82,0
8/1/2022,Dhaka,66,28.6,84,10
8/2/2022,Dhaka,51,29.5,83,0
8/3/2022,Dhaka,59,29.8,81,0
8/4/2022,Dhaka,67,29.7,81,3
8/5/2022,Dhaka,40,31.4,71,1
8/6/2022,Dhaka,77,30.1,76,10
8/7/2022,Dhaka,73,31.4,70,14
8/8/2022,Dhaka,59,30.7,71,0
8/9/2022,Dhaka,50,29.8,70,0
8/10/2022,Dhaka,73,28.7,74,0
8/11/2022,Dhaka,73,29.4,74,0
8/12/2022,Dhaka,50,30.3,71,0
8/13/2022,Dhaka,89,29.2,77,5
8/14/2022,Dhaka,70,28.4,83,4
8/15/2022,Dhaka,69,29.7,77,37
8/16/2022,Dhaka,108,31.1,72,0
8/17/2022,Dhaka,77,31.9,73,0
8/18/2022,Dhaka,81,32,69,0
8/19/2022,Dhaka,46,29.9,73,1
8/20/2022,Dhaka,97,30.5,72,2
8/21/2022,Dhaka,116,31.4,70,0
8/22/2022,Dhaka,122,30.5,80,0
8/23/2022,Dhaka,107,29.5,80,26
8/24/2022,Dhaka,125,29.1,77,7
8/25/2022,Dhaka,134,30.3,73,0
8/26/2022,Dhaka,67,31.2,71,0
8/27/2022,Dhaka,109,30.1,77,0
8/28/2022,Dhaka,144,29.5,79,0
8/29/2022,Dhaka,149,31.2,72,10
8/30/2022,Dhaka,196,31.6,71,0
8/31/2022,Dhaka,203,31.7,69,0
9/1/2022,Dhaka,143,31.2,74,0
9/2/2022,Dhaka,71,30,77,0
9/3/2022,Dhaka,204,29.2,82,22
9/4/2022,Dhaka,158,28.7,85,16
9/5/2022,Dhaka,157,28.6,87,1
9/6/2022,Dhaka,224,28.3,88,18
9/7/2022,Dhaka,196,30.2,79,14
9/8/2022,Dhaka,204,30.2,79,1
9/9/2022,Dhaka,140,31.3,71,23
9/10/2022,Dhaka,244,29.3,78,0
9/11/2022,Dhaka,239,27.9,83,0
9/12/2022,Dhaka,228,26.7,89,13
9/13/2022,Dhaka,238,26,95,32
9/14/2022,Dhaka,264,25.9,96,53
9/15/2022,Dhaka,294,28.7,83,66
9/16/2022,Dhaka,138,28.4,83,0
9/17/2022,Dhaka,302,29.7,80,1
9/18/2022,Dhaka,280,28.9,86,1
9/19/2022,Dhaka,253,30,75,1
9/20/2022,Dhaka,315,29.6,74,0
9/21/2022,Dhaka,328,30.1,75,0
9/22/2022,Dhaka,306,30.3,74,0
9/23/2022,Dhaka,92,30,76,0
9/24/2022,Dhaka,325,29.8,77,0
9/25/2022,Dhaka,309,28.8,81,0
9/26/2022,Dhaka,328,28.5,86,0
9/27/2022,Dhaka,320,29.2,81,20
9/28/2022,Dhaka,373,29.6,82,0
9/29/2022,Dhaka,367,29.9,80,0
9/30/2022,Dhaka,150,31.1,74,0
10/1/2022,Dhaka,518,30.6,76,0
10/2/2022,Dhaka,360,27.7,87,2
10/3/2022,Dhaka,352,27.2,89,12
10/4/2022,Dhaka,348,28.9,79,15
10/5/2022,Dhaka,270,29.6,73,0
10/6/2022,Dhaka,417,28.9,77,0
10/7/2022,Dhaka,192,29.6,74,0
10/8/2022,Dhaka,499,31.1,68,0
10/9/2022,Dhaka,241,30.2,75,0
10/10/2022,Dhaka,407,29.7,74,0
10/11/2022,Dhaka,462,29.4,76,5
10/12/2022,Dhaka,415,27.1,85,0
10/13/2022,Dhaka,497,28.5,77,2
10/14/2022,Dhaka,197,29.3,85,0
10/15/2022,Dhaka,468,29.6,60,0
10/16/2022,Dhaka,523,29.5,61,0
10/17/2022,Dhaka,523,29.5,67,0
10/18/2022,Dhaka,528,29,76,0
10/19/2022,Dhaka,565,29.1,62,0
10/20/2022,Dhaka,537,29.4,61,0
10/21/2022,Dhaka,304,29.5,66,0
10/22/2022,Dhaka,520,29.7,62,0
10/23/2022,Dhaka,589,27.9,78,0
10/24/2022,Dhaka,575,21.9,97,5
10/25/2022,Dhaka,494,23.5,85,255
10/26/2022,Dhaka,520,26.3,79,1
10/27/2022,Dhaka,491,25.8,74,0
10/28/2022,Dhaka,279,26.1,69,0
10/29/2022,Dhaka,481,26.3,70,0
10/30/2022,Dhaka,618,27.3,68,0
10/31/2022,Dhaka,545,28.2,73,0
11/1/2022,Dhaka,532,28.3,69,0
11/2/2022,Dhaka,600,28.2,64,0
11/3/2022,Dhaka,498,26,65,0
11/4/2022,Dhaka,255,26.7,77,0
11/5/2022,Dhaka,374,27.2,77,0
11/6/2022,Dhaka,476,26.7,67,0
11/7/2022,Dhaka,497,25.8,64,0
11/8/2022,Dhaka,450,26.4,69,0
11/9/2022,Dhaka,459,26.6,61,0
11/10/2022,Dhaka,475,26,62,0
11/11/2022,Dhaka,150,25.2,62,0
11/12/2022,Dhaka,530,25.7,63,0
11/13/2022,Dhaka,426,25.2,55,0
11/14/2022,Dhaka,425,24.1,63,0
11/15/2022,Dhaka,372,24.7,69,0
11/16/2022,Dhaka,372,25.1,62,0
11/17/2022,Dhaka,353,24.5,63,0
11/18/2022,Dhaka,171,23.7,63,0
11/19/2022,Dhaka,320,24,68,0
11/20/2022,Dhaka,320,25.8,56,0
11/21/2022,Dhaka,289,24.5,57,0
11/22/2022,Dhaka,266,23.7,61,0
11/23/2022,Dhaka,262,24.2,57,0
11/24/2022,Dhaka,258,23.7,64,0
11/25/2022,Dhaka,141,23.8,71,0
11/26/2022,Dhaka,241,24.7,63,0
11/27/2022,Dhaka,277,23.9,66,0
11/28/2022,Dhaka,210,25.2,60,0
11/29/2022,Dhaka,253,25.6,57,0
11/30/2022,Dhaka,239,25.7,58,0
12/1/2022,Dhaka,218,24.4,61,0
12/2/2022,Dhaka,78,23.8,58,0
12/3/2022,Dhaka,207,23.5,58,0
12/4/2022,Dhaka,208,23,65,0
12/5/2022,Dhaka,172,23.3,64,0
12/6/2022,Dhaka,134,23.6,62,0
12/7/2022,Dhaka,130,23.3,60,0
12/8/2022,Dhaka,141,22.2,66,0
12/9/2022,Dhaka,61,21.9,69,0
12/10/2022,Dhaka,144,23.3,62,0
12/11/2022,Dhaka,104,23.2,63,0
12/12/2022,Dhaka,119,21.9,65,0
12/13/2022,Dhaka,108,21.7,71,0
12/14/2022,Dhaka,100,21.9,74,0
12/15/2022,Dhaka,95,20.6,68,0
12/16/2022,Dhaka,28,20.9,68,0
12/17/2022,Dhaka,68,20.6,75,0
12/18/2022,Dhaka,66,19.8,78,0
12/19/2022,Dhaka,66,20.8,72,0
12/20/2022,Dhaka,67,20.5,76,0
12/21/2022,Dhaka,68,22,69,0
12/22/2022,Dhaka,54,21.6,69,0
12/23/2022,Dhaka,27,20.5,58,0
12/24/2022,Dhaka,59,19.8,65,0
12/25/2022,Dhaka,27,20.7,69,0
12/26/2022,Dhaka,43,22.9,71,0
12/27/2022,Dhaka,35,21,84,0
12/28/2022,Dhaka,36,20,81,4
12/29/2022,Dhaka,18,17.9,78,0
12/30/2022,Dhaka,36,17.3,83,0
12/31/2022,Dhaka,26,17.3,84,0
1/1/2023,Dhaka,21,17.9,81,0
1/2/2023,Dhaka,13,19.1,71,0
1/3/2023,Dhaka,22,16.2,87,0
1/4/2023,Dhaka,19,14.8,91,0
1/5/2023,Dhaka,25,15.2,86,0
1/6/2023,Dhaka,5,14.5,89,0
1/7/2023,Dhaka,14,13.3,93,0
1/8/2023,Dhaka,7,16,88,0
1/9/2023,Dhaka,9,19.8,70,0
1/10/2023,Dhaka,15,21,59,0
1/11/2023,Dhaka,13,18.8,54,0
1/12/2023,Dhaka,7,16.3,71,0
1/13/2023,Dhaka,4,18.5,70,0
1/14/2023,Dhaka,5,20.2,85,0
1/15/2023,Dhaka,5,20.8,65,0
1/16/2023,Dhaka,9,19.3,60,0
1/17/2023,Dhaka,5,18.7,58,0
1/18/2023,Dhaka,8,17.9,63,0
1/19/2023,Dhaka,6,18.2,59,0
1/20/2023,Dhaka,1,18.9,65,0
1/21/2023,Dhaka,9,18.7,66,0
1/22/2023,Dhaka,3,20,67,0
1/23/2023,Dhaka,6,20.9,70,0
1/24/2023,Dhaka,5,21.3,69,0
1/25/2023,Dhaka,6,21.7,73,0
1/26/2023,Dhaka,3,22.3,75,0
1/27/2023,Dhaka,2,23,68,0
1/28/2023,Dhaka,3,22.4,72,0
1/29/2023,Dhaka,8,19.7,78,0
1/30/2023,Dhaka,4,21.4,75,0
1/31/2023,Dhaka,5,24.1,63,0
2/1/2023,Dhaka,2,20,61,0
2/2/2023,Dhaka,2,19.44,61,0
2/3/2023,Dhaka,2,19.44,67,0
2/4/2023,Dhaka,7,18.89,66,0
2/5/2023,Dhaka,3,20.56,60,0
2/6/2023,Dhaka,4,20.56,65,0
2/7/2023,Dhaka,3,19.44,70,0
2/8/2023,Dhaka,4,17.22,73,0
2/9/2023,Dhaka,3,18.89,73,0
2/10/2023,Dhaka,3,19.44,55,0
2/11/2023,Dhaka,4,21.11,59,0
2/12/2023,Dhaka,4,21.11,63,0
2/13/2023,Dhaka,2,21.11,32,0
2/14/2023,Dhaka,3,21.67,40,0
2/15/2023,Dhaka,6,23.33,52,0
2/16/2023,Dhaka,2,23.33,58,0
2/17/2023,Dhaka,0,21.67,61,0
2/18/2023,Dhaka,3,20.56,68,0
2/19/2023,Dhaka,3,21.11,72,0
2/20/2023,Dhaka,2,21.11,71,0
2/21/2023,Dhaka,0,22.22,75,0
2/22/2023,Dhaka,3,21.11,74,0
2/23/2023,Dhaka,3,20.56,67,0
2/24/2023,Dhaka,0,22.22,71,0
2/25/2023,Dhaka,3,20,55,2
2/26/2023,Dhaka,3,20.56,53,0
2/27/2023,Dhaka,1,21.67,56,0
2/28/2023,Dhaka,0,21.67,46,0
3/1/2023,Dhaka,2,22.22,50,0
3/2/2023,Dhaka,6,26.7,56,0
3/3/2023,Dhaka,0,26.8,53,0
3/4/2023,Dhaka,1,27.1,55,0
3/5/2023,Dhaka,4,27.2,56,0
3/6/2023,Dhaka,5,27.1,52,0
3/7/2023,Dhaka,2,27.3,46,0
3/8/2023,Dhaka,1,27.5,48,0
3/9/2023,Dhaka,7,27.6,48,0
3/10/2023,Dhaka,0,27.6,48,0
3/11/2023,Dhaka,2,27.4,54,0
3/12/2023,Dhaka,2,28.4,48,0
3/13/2023,Dhaka,3,28.2,48,0
3/14/2023,Dhaka,1,28.6,51,0
3/15/2023,Dhaka,2,27.2,67,0
3/16/2023,Dhaka,3,27.7,68,2
3/17/2023,Dhaka,0,24.9,68,1
3/18/2023,Dhaka,4,27.1,57,0
3/19/2023,Dhaka,3,22.8,87,0
3/20/2023,Dhaka,1,24.2,73,18
3/21/2023,Dhaka,1,24.6,71,0
3/22/2023,Dhaka,4,26,67,0
3/23/2023,Dhaka,1,26.7,65,0
3/24/2023,Dhaka,0,25.3,74,0
3/25/2023,Dhaka,5,25.9,77,19
3/26/2023,Dhaka,0,27,70,2
3/27/2023,Dhaka,4,27.4,62,0
3/28/2023,Dhaka,5,28.4,62,0
3/29/2023,Dhaka,2,25.2,78,0
3/30/2023,Dhaka,3,26.3,70,4
3/31/2023,Dhaka,0,25.8,71,28
4/1/2023,Dhaka,4,24.4,78,15
4/2/2023,Dhaka,1,26.8,68,1
4/3/2023,Dhaka,0,28.2,54,0
4/4/2023,Dhaka,5,29.9,65,0
4/5/2023,Dhaka,5,29.5,70,0
4/6/2023,Dhaka,8,29.3,54,0
4/7/2023,Dhaka,0,29.4,50,0
4/8/2023,Dhaka,1,30.4,42,0
4/9/2023,Dhaka,4,30.8,38,0
4/10/2023,Dhaka,7,30.5,41,0
4/11/2023,Dhaka,3,31.3,41,0
4/12/2023,Dhaka,2,31.8,39,0
4/13/2023,Dhaka,3,32.7,37,0
4/14/2023,Dhaka,0,31.1,43,0
4/15/2023,Dhaka,0,34,50,0
4/16/2023,Dhaka,4,34,47,0
4/17/2023,Dhaka,2,32.4,67,0
4/18/2023,Dhaka,1,32.4,66,0
4/19/2023,Dhaka,0,32.2,68,0
4/20/2023,Dhaka,1,32.1,68,0
4/21/2023,Dhaka,0,29.8,64,0
4/22/2023,Dhaka,0,29.5,60,0
4/23/2023,Dhaka,0,26.3,62,1
4/24/2023,Dhaka,6,28.1,56,0
4/25/2023,Dhaka,5,30.2,49,0
4/26/2023,Dhaka,5,31.4,43,0
4/27/2023,Dhaka,11,28.7,59,0
4/28/2023,Dhaka,0,29.5,59,3
4/29/2023,Dhaka,10,27.9,68,0
4/30/2023,Dhaka,15,28,64,0
5/1/2023,Dhaka,21,28.3,61,2
5/2/2023,Dhaka,20,30.1,52,0
5/3/2023,Dhaka,9,28.1,72,0
5/4/2023,Dhaka,7,28.4,73,7
5/5/2023,Dhaka,4,29.9,67,1
5/6/2023,Dhaka,13,30.4,64,0
5/7/2023,Dhaka,8,32.5,59,12
5/8/2023,Dhaka,29,33.1,57,0
5/9/2023,Dhaka,15,33.5,46,0
5/10/2023,Dhaka,24,32,57,0
5/11/2023,Dhaka,14,32,57,0
5/12/2023,Dhaka,5,31.3,59,0
5/13/2023,Dhaka,23,31.2,60,0
5/14/2023,Dhaka,14,28.3,53,0
5/15/2023,Dhaka,16,29.6,56,0
5/16/2023,Dhaka,26,28.8,65,0
5/17/2023,Dhaka,34,26.4,71,3
5/18/2023,Dhaka,22,26.5,75,50
5/19/2023,Dhaka,3,29.6,76,4
5/20/2023,Dhaka,51,30.5,65,0
5/21/2023,Dhaka,22,29.1,74,0
5/22/2023,Dhaka,36,30.7,71,27
5/23/2023,Dhaka,41,26.7,82,0
5/24/2023,Dhaka,30,27,75,29
5/25/2023,Dhaka,41,29,72,0
5/26/2023,Dhaka,4,29.5,65,0
5/27/2023,Dhaka,73,26.6,79,1
5/28/2023,Dhaka,58,29.8,66,9
5/29/2023,Dhaka,58,31.6,59,0
5/30/2023,Dhaka,61,32.2,57,0
5/31/2023,Dhaka,82,33.7,55,0
6/1/2023,Dhaka,61,33.1,67,0
6/2/2023,Dhaka,2,32.9,65,0
6/3/2023,Dhaka,128,32.9,65,0
6/4/2023,Dhaka,87,33.1,65,0
6/5/2023,Dhaka,87,33.7,59,0
6/6/2023,Dhaka,89,33.7,63,0
6/7/2023,Dhaka,127,33.5,65,0
6/8/2023,Dhaka,122,30,78,0
6/9/2023,Dhaka,9,27,90,2
6/10/2023,Dhaka,148,28.2,84,47
6/11/2023,Dhaka,136,28.9,79,1
6/12/2023,Dhaka,150,27,87,0
6/13/2023,Dhaka,174,30.6,75,39
6/14/2023,Dhaka,175,32.3,73,0
6/15/2023,Dhaka,237,31.1,77,0
6/16/2023,Dhaka,25,31,80,0
6/17/2023,Dhaka,402,30.3,76,36
6/18/2023,Dhaka,232,28.9,86,42
6/19/2023,Dhaka,259,29.3,82,3
6/20/2023,Dhaka,273,28.6,84,3
6/21/2023,Dhaka,282,30.7,77,5
6/22/2023,Dhaka,278,29.9,77,0
6/23/2023,Dhaka,36,30.3,76,0
6/24/2023,Dhaka,417,30.2,74,14
6/25/2023,Dhaka,267,30.3,71,0
6/26/2023,Dhaka,236,28.7,79,1
6/27/2023,Dhaka,104,27.4,88,4
6/28/2023,Dhaka,55,26.1,95,15
6/29/2023,Dhaka,24,26.5,94,115
6/30/2023,Dhaka,41,27.3,91,36
7/1/2023,Dhaka,178,26.9,93,91
7/2/2023,Dhaka,224,29.2,89,80
7/3/2023,Dhaka,178,30.1,83,10
7/4/2023,Dhaka,429,31.6,71,2
7/5/2023,Dhaka,382,30.6,75,1
7/6/2023,Dhaka,433,29.2,81,3
7/7/2023,Dhaka,72,29.5,81,11
7/8/2023,Dhaka,603,30.6,74,11
7/9/2023,Dhaka,516,30.2,80,0
7/10/2023,Dhaka,574,30.3,88,1
7/11/2023,Dhaka,628,30.3,76,3
7/12/2023,Dhaka,709,30.1,76,0
7/13/2023,Dhaka,756,30.2,77,1
7/14/2023,Dhaka,184,29.9,80,1
7/15/2023,Dhaka,1168,29.6,75,6
7/16/2023,Dhaka,741,28.4,84,1
7/17/2023,Dhaka,847,30.4,74,0
7/18/2023,Dhaka,779,31.7,68,0
7/19/2023,Dhaka,922,31.6,69,0
7/20/2023,Dhaka,845,31.6,68,0
7/21/2023,Dhaka,403,31.8,67,0
7/22/2023,Dhaka,1239,31.8,65,0
7/23/2023,Dhaka,1064,31.5,70,0
7/24/2023,Dhaka,1238,32.1,65,0
7/25/2023,Dhaka,1162,32.1,67,0
7/26/2023,Dhaka,1327,31.2,70,0
7/27/2023,Dhaka,1122,29.9,79,5
7/28/2023,Dhaka,907,30.4,78,4
7/29/2023,Dhaka,1143,30.9,75,12
7/30/2023,Dhaka,1184,32.5,67,0
7/31/2023,Dhaka,1168,31.3,75,1
8/1/2023,Dhaka,1131,31.1,70,5
8/2/2023,Dhaka,1130,28.3,88,5
8/3/2023,Dhaka,1101,29,84,19
8/4/2023,Dhaka,892,28,90,5
8/5/2023,Dhaka,1069,29.4,81,55
8/6/2023,Dhaka,1078,27.8,91,5
8/7/2023,Dhaka,1119,27.4,95,18
8/8/2023,Dhaka,1002,27.3,91,54
8/9/2023,Dhaka,1092,28.8,84,7
8/10/2023,Dhaka,1097,28.4,86,38
8/11/2023,Dhaka,853,28.8,87,60
8/12/2023,Dhaka,940,28.8,86,5
8/13/2023,Dhaka,1042,27.3,93,56
8/14/2023,Dhaka,919,28.3,89,21
8/15/2023,Dhaka,731,29.5,87,7
8/16/2023,Dhaka,834,29,87,24
8/17/2023,Dhaka,899,31.2,73,46
8/18/2023,Dhaka,804,30.8,71,0
8/19/2023,Dhaka,738,29.8,78,1
8/20/2023,Dhaka,785,31.3,71,2
8/21/2023,Dhaka,872,31.3,70,0
8/22/2023,Dhaka,842,28.9,83,0
8/23/2023,Dhaka,857,29.4,79,2
8/24/2023,Dhaka,926,28.6,87,0
8/25/2023,Dhaka,703,28.2,86,18
8/26/2023,Dhaka,833,28.8,83,14
8/27/2023,Dhaka,920,20,82,0
8/28/2023,Dhaka,918,30.2,78,6
8/29/2023,Dhaka,920,29.6,81,0
8/30/2023,Dhaka,899,32.1,67,1
8/31/2023,Dhaka,875,30.2,83,0
9/1/2023,Dhaka,589,29.8,84,13
9/2/2023,Dhaka,982,29.8,84,2
9/3/2023,Dhaka,892,30,76,55
9/4/2023,Dhaka,1005,30,81,34
9/5/2023,Dhaka,951,31.9,73,1
9/6/2023,Dhaka,833,31.1,75,0
9/7/2023,Dhaka,899,29.7,79,8
9/8/2023,Dhaka,842,29.2,80,5
9/9/2023,Dhaka,1051,30,79,0
9/10/2023,Dhaka,994,30.3,80,0
9/11/2023,Dhaka,967,28.9,87,0
9/12/2023,Dhaka,911,28.9,85,43
9/13/2023,Dhaka,823,30.5,73,29
9/14/2023,Dhaka,900,29.9,75,0
9/15/2023,Dhaka,843,30.6,74,0
9/16/2023,Dhaka,881,31.7,72,0
9/17/2023,Dhaka,849,30.6,75,0
9/18/2023,Dhaka,894,29.1,80,22
9/19/2023,Dhaka,849,27.4,92,21
9/20/2023,Dhaka,857,27.9,86,12
9/21/2023,Dhaka,789,27.6,87,24
9/22/2023,Dhaka,677,29.4,82,122
9/23/2023,Dhaka,814,28.1,85,2
9/24/2023,Dhaka,812,29,81,11
9/25/2023,Dhaka,801,29.9,77,0
9/26/2023,Dhaka,774,29.8,81,1
9/27/2023,Dhaka,726,30.5,79,0
9/28/2023,Dhaka,671,32.3,68,0
9/29/2023,Dhaka,584,30.8,75,0
9/30/2023,Dhaka,751,30.1,72,8
10/1/2023,Dhaka,629,30.4,75,0
10/2/2023,Dhaka,607,29.9,75,0
10/3/2023,Dhaka,682,28,82,7
10/4/2023,Dhaka,720,27.1,89,18
10/5/2023,Dhaka,633,27.4,92,43
10/6/2023,Dhaka,504,27,93,56
10/7/2023,Dhaka,585,29.1,84,125
10/8/2023,Dhaka,612,29.9,78,0
10/9/2023,Dhaka,649,30.1,78,0
10/10/2023,Dhaka,617,29.2,77,0
10/11/2023,Dhaka,579,30.1,73,0
10/12/2023,Dhaka,491,30.3,71,0
10/13/2023,Dhaka,478,29.1,69,0
10/14/2023,Dhaka,460,29.4,65,0
10/15/2023,Dhaka,537,28.3,72,0
10/16/2023,Dhaka,539,28.7,74,0
10/17/2023,Dhaka,561,27.4,80,0
10/18/2023,Dhaka,574,28.7,68,7
10/19/2023,Dhaka,515,28.8,66,0
10/20/2023,Dhaka,424,28.7,60,0
10/21/2023,Dhaka,412,29,61,0
10/22/2023,Dhaka,500,28.4,73,0
10/23/2023,Dhaka,454,25.9,87,2
10/24/2023,Dhaka,427,26.8,80,59
10/25/2023,Dhaka,435,27.9,72,0
10/26/2023,Dhaka,409,28.2,73,0
10/27/2023,Dhaka,365,27.8,65,0
10/28/2023,Dhaka,407,27.3,57,0
10/29/2023,Dhaka,355,27.5,57,0
10/30/2023,Dhaka,374,27,69,0
10/31/2023,Dhaka,413,28.2,64,0
11/1/2023,Dhaka,384,29.42,62,0
11/2/2023,Dhaka,379,28.8,59,0
11/3/2023,Dhaka,355,27.9,64,0
11/4/2023,Dhaka,430,27.8,64,0
11/5/2023,Dhaka,433,26.8,66,0
11/6/2023,Dhaka,417,26.5,58,0
11/7/2023,Dhaka,394,26.2,65,0
11/8/2023,Dhaka,359,26.1,65,0
11/9/2023,Dhaka,271,25.8,64,0
11/10/2023,Dhaka,298,26.1,60,0
11/11/2023,Dhaka,338,25.7,66,0
11/12/2023,Dhaka,351,26,67,0
11/13/2023,Dhaka,330,25.9,66,0
11/14/2023,Dhaka,319,26,60,0
11/15/2023,Dhaka,349,27.2,55,0
11/16/2023,Dhaka,302,25.2,81,0
11/17/2023,Dhaka,206,21.9,93,2
11/18/2023,Dhaka,204,24.9,76,30
11/19/2023,Dhaka,247,25.7,77,0
11/20/2023,Dhaka,286,26.2,70,0
11/21/2023,Dhaka,221,25,72,0
11/22/2023,Dhaka,229,24.6,60,0
11/23/2023,Dhaka,253,24,65,0
11/24/2023,Dhaka,154,23.8,69,0
11/25/2023,Dhaka,184,23.7,67,0
11/26/2023,Dhaka,217,24.3,67,0
11/27/2023,Dhaka,219,25.8,68,0
11/28/2023,Dhaka,193,26.1,65,0
11/29/2023,Dhaka,193,24.8,74,0
11/30/2023,Dhaka,144,25.1,68,0
12/1/2023,Dhaka,138,25.6,59,0
12/2/2023,Dhaka,139,25.1,62,0
12/3/2023,Dhaka,156,25,63,0
12/4/2023,Dhaka,135,25.4,63,0
12/5/2023,Dhaka,124,24.8,68,0
12/6/2023,Dhaka,118,24.2,77,0
12/7/2023,Dhaka,108,20.2,96,10
12/8/2023,Dhaka,64,21.2,88,46
12/9/2023,Dhaka,94,21.8,80,1
12/10/2023,Dhaka,86,20.3,82,0
12/11/2023,Dhaka,103,19.7,85,0
12/12/2023,Dhaka,80,19.4,87,0
12/13/2023,Dhaka,62,19.7,73,0
12/14/2023,Dhaka,97,19.6,65,0
12/15/2023,Dhaka,57,20.1,68,0
12/16/2023,Dhaka,51,20.3,70,0
12/17/2023,Dhaka,63,20.7,67,0
12/18/2023,Dhaka,65,21.2,69,0
12/19/2023,Dhaka,40,21.2,66,0
12/20/2023,Dhaka,57,21,70,0
12/21/2023,Dhaka,40,21.5,71,0
12/22/2023,Dhaka,30,21.4,75,0
12/23/2023,Dhaka,33,21.2,77,0
12/24/2023,Dhaka,41,21.6,76,0
12/25/2023,Dhaka,19,21.6,76,0
12/26/2023,Dhaka,35,21.2,79,0
12/27/2023,Dhaka,28,21.8,76,0
12/28/2023,Dhaka,28,21.8,74,0
12/29/2023,Dhaka,14,21.8,76,0
12/30/2023,Dhaka,32,22.8,68,0
12/31/2023,Dhaka,35,19.2,84,0
1/1/2024,Dhaka,26,21.11,71,0
1/2/2024,Dhaka,13,20.56,70,0
1/3/2024,Dhaka,32,19.44,71,0
1/4/2024,Dhaka,27,19.44,77,0
1/5/2024,Dhaka,17,20,71,0
1/6/2024,Dhaka,17,19.44,82,0
1/7/2024,Dhaka,9,20.56,81,0
1/8/2024,Dhaka,25,20,80,0
1/9/2024,Dhaka,18,18.89,76,0
1/10/2024,Dhaka,18,19.44,74,0
1/11/2024,Dhaka,14,16.67,68,0
1/12/2024,Dhaka,10,16.67,76,0
1/13/2024,Dhaka,11,17.22,77,0
1/14/2024,Dhaka,14,18.33,79,0
1/15/2024,Dhaka,13,18.33,74,0
1/16/2024,Dhaka,11,17.78,67,0
1/17/2024,Dhaka,3,14.44,66,0
1/18/2024,Dhaka,9,15.56,71,0
1/19/2024,Dhaka,5,17.78,68,0
1/20/2024,Dhaka,6,18.33,67,0
1/21/2024,Dhaka,8,16.67,65,0
1/22/2024,Dhaka,4,15.56,67,0
1/23/2024,Dhaka,7,16.67,67,0
1/24/2024,Dhaka,7,16.67,67,0
1/25/2024,Dhaka,5,17.22,69,0
1/26/2024,Dhaka,6,19.44,72,0
1/27/2024,Dhaka,5,17.22,65,0
1/28/2024,Dhaka,2,17.22,68,0
1/29/2024,Dhaka,6,17.78,71,0
1/30/2024,Dhaka,1,18.33,73,0
1/31/2024,Dhaka,9,18.89,64,0
2/1/2024,Dhaka,4,20,59,0
2/2/2024,Dhaka,5,19.44,59,0
2/3/2024,Dhaka,6,19.44,66,0
2/4/2024,Dhaka,9,18.89,72,0
2/5/2024,Dhaka,6,20.56,64,2
2/6/2024,Dhaka,5,20.56,70,1
2/7/2024,Dhaka,6,19.44,81,0
2/8/2024,Dhaka,9,17.22,75,0
2/9/2024,Dhaka,2,18.89,78,0
2/10/2024,Dhaka,6,19.44,78,0
2/11/2024,Dhaka,5,21.11,72,0
2/12/2024,Dhaka,3,21.11,67,0
2/13/2024,Dhaka,5,21.11,59,0
2/14/2024,Dhaka,1,21.67,60,0
2/15/2024,Dhaka,1,23.33,62,0
2/16/2024,Dhaka,2,23.33,62,0
2/17/2024,Dhaka,5,21.67,64,0
2/18/2024,Dhaka,3,20.56,62,0
2/19/2024,Dhaka,6,21.11,63,0
2/20/2024,Dhaka,0,21.11,66,0
2/21/2024,Dhaka,2,22.22,65,0
2/22/2024,Dhaka,4,21.11,65,0
2/23/2024,Dhaka,1,20.56,64,19
2/24/2024,Dhaka,4,22.22,62,6
2/25/2024,Dhaka,2,20,57,30
2/26/2024,Dhaka,4,20.56,57,0
2/27/2024,Dhaka,8,21.67,57,0
2/28/2024,Dhaka,3,21.67,54,0
2/29/2024,Dhaka,1,22.78,51,0
3/1/2024,Dhaka,4,22.78,51,0
3/2/2024,Dhaka,3,23.33,53,0
3/3/2024,Dhaka,4,22.78,57,0
3/4/2024,Dhaka,3,23.33,59,0
3/5/2024,Dhaka,4,22.78,62,0
3/6/2024,Dhaka,6,22.22,63,0
3/7/2024,Dhaka,7,22.22,64,0
3/8/2024,Dhaka,7,22.78,61,0
3/9/2024,Dhaka,4,23.33,64,0
3/10/2024,Dhaka,5,23.89,67,0
3/11/2024,Dhaka,5,25,62,0
3/12/2024,Dhaka,4,25.56,61,0
3/13/2024,Dhaka,1,25.56,64,0
3/14/2024,Dhaka,1,26.11,66,0
3/15/2024,Dhaka,5,25.56,65,0
3/16/2024,Dhaka,0,26.67,65,0
3/17/2024,Dhaka,7,26.67,62,0
3/18/2024,Dhaka,6,26.67,68,0
3/19/2024,Dhaka,3,25,65,0
3/20/2024,Dhaka,3,21.67,67,0
3/21/2024,Dhaka,4,22.22,67,0
3/22/2024,Dhaka,4,22.78,65,3
3/23/2024,Dhaka,2,23.89,69,0
3/24/2024,Dhaka,3,26.11,70,13
3/25/2024,Dhaka,1,23.33,68,1
3/26/2024,Dhaka,3,27.78,66,38
3/27/2024,Dhaka,2,27,65,1
3/28/2024,Dhaka,3,27.4,69,2
3/29/2024,Dhaka,11,23.4,67,1
3/30/2024,Dhaka,7,25.2,65,1
3/31/2024,Dhaka,3,26.3,67,0
4/1/2024,Dhaka,6,25.8,63,0
4/2/2024,Dhaka,1,26.67,56,62
4/3/2024,Dhaka,1,27.22,62,0
4/4/2024,Dhaka,1,26.67,69,0
4/5/2024,Dhaka,5,27.78,70,0
4/6/2024,Dhaka,4,28.89,73,1
4/7/2024,Dhaka,3,28.89,69,1
4/8/2024,Dhaka,2,28.89,64,0
4/9/2024,Dhaka,0,28.33,69,18
4/10/2024,Dhaka,0,28.33,66,22
4/11/2024,Dhaka,2,27.22,68,0
4/12/2024,Dhaka,7,27.78,66,0
4/13/2024,Dhaka,5,25.56,68,0
4/14/2024,Dhaka,8,27.78,69,0
4/15/2024,Dhaka,5,26.67,67,0
4/16/2024,Dhaka,6,27.22,72,0
4/17/2024,Dhaka,6,28.89,71,6
4/18/2024,Dhaka,9,28.33,70,8
4/19/2024,Dhaka,12,28.89,73,0
4/20/2024,Dhaka,17,27.22,70,1
4/21/2024,Dhaka,6,27.22,70,0
4/22/2024,Dhaka,4,26.11,69,55
4/23/2024,Dhaka,13,27.7,66,0
4/24/2024,Dhaka,4,27.2,64,0
4/25/2024,Dhaka,3,27.2,61,0
4/26/2024,Dhaka,9,30.9,65,0
4/27/2024,Dhaka,11,29.8,61,72
4/28/2024,Dhaka,3,28.2,66,26
4/29/2024,Dhaka,6,29.8,60,2
4/30/2024,Dhaka,1,26.6,59,0
5/1/2024,Dhaka,6,25.56,61,0
5/2/2024,Dhaka,3,28.33,73,29
5/3/2024,Dhaka,8,27.78,66,1
5/4/2024,Dhaka,6,23.89,66,0
5/5/2024,Dhaka,13,21.11,78,3
5/6/2024,Dhaka,6,27.78,74,2
5/7/2024,Dhaka,5,26.11,66,63
5/8/2024,Dhaka,11,28.33,74,0
5/9/2024,Dhaka,2,26.11,82,2
5/10/2024,Dhaka,9,25.56,70,0
5/11/2024,Dhaka,5,28.89,78,23
5/12/2024,Dhaka,7,29.44,76,21
5/13/2024,Dhaka,10,31.11,74,0
5/14/2024,Dhaka,11,30.56,75,0
5/15/2024,Dhaka,14,31.67,76,0
5/16/2024,Dhaka,6,30,76,1
5/17/2024,Dhaka,7,25.56,75,0
5/18/2024,Dhaka,8,27.22,72,84
5/19/2024,Dhaka,10,28.89,73,26
5/20/2024,Dhaka,6,30.56,73,13
5/21/2024,Dhaka,7,30.56,73,1
5/22/2024,Dhaka,5,31.67,70,0
5/23/2024,Dhaka,5,31.67,68,0
5/24/2024,Dhaka,9,32.22,69,0
5/25/2024,Dhaka,4,30.56,70,0
5/26/2024,Dhaka,10,26.11,63,1
5/27/2024,Dhaka,2,26.11,63,16
5/28/2024,Dhaka,6,25,61,169
5/29/2024,Dhaka,12,24.44,64,204
5/30/2024,Dhaka,7,27.78,63,35
5/31/2024,Dhaka,9,26.6,63,1
6/1/2024,Dhaka,7,26.5,59,1
6/2/2024,Dhaka,15,25.56,70,66
6/3/2024,Dhaka,10,25.56,59,5
6/4/2024,Dhaka,10,26.67,74,52
6/5/2024,Dhaka,10,27.22,79,103
6/6/2024,Dhaka,3,29.44,80,56
6/7/2024,Dhaka,8,28.33,84,1
6/8/2024,Dhaka,7,26.11,85,0
6/9/2024,Dhaka,16,26.67,81,249
6/10/2024,Dhaka,7,29.44,82,10
6/11/2024,Dhaka,16,29.44,84,181
6/12/2024,Dhaka,12,25,83,0
6/13/2024,Dhaka,8,26.67,83,51
6/14/2024,Dhaka,8,25.56,83,203
6/15/2024,Dhaka,1,25,82,61
6/16/2024,Dhaka,0,25,86,62
6/17/2024,Dhaka,2,23.89,84,88
6/18/2024,Dhaka,23,23.89,82,182
6/19/2024,Dhaka,9,26.67,79,144
6/20/2024,Dhaka,11,28.89,78,116
6/21/2024,Dhaka,7,28.33,76,20
6/22/2024,Dhaka,13,29.44,74,0
6/23/2024,Dhaka,16,28.89,71,2
6/24/2024,Dhaka,16,28.89,73,0
6/25/2024,Dhaka,17,30,74,57
6/26/2024,Dhaka,18,28.33,74,9
6/27/2024,Dhaka,7,28.33,73,38
6/28/2024,Dhaka,30,27.78,74,32
6/29/2024,Dhaka,12,27.78,75,10
6/30/2024,Dhaka,17,26.67,70,21
7/1/2024,Dhaka,19,27.22,66,40
7/2/2024,Dhaka,17,27.78,73,265
7/3/2024,Dhaka,12,27.78,65,56
7/4/2024,Dhaka,13,27.22,70,21
7/5/2024,Dhaka,19,28.33,77,25
7/6/2024,Dhaka,33,29.44,82,21.082
7/7/2024,Dhaka,26,27.78,83,6
7/8/2024,Dhaka,28,28.89,84,9
7/9/2024,Dhaka,31,27.22,80,34
7/10/2024,Dhaka,45,28.33,74,48
7/11/2024,Dhaka,13,26.67,84,111
7/12/2024,Dhaka,57,28.89,83,13
7/13/2024,Dhaka,47,30,82,100
7/14/2024,Dhaka,55,30.56,84,13
7/15/2024,Dhaka,52,30.56,79,7
7/16/2024,Dhaka,20,30.56,78,22
7/17/2024,Dhaka,27,33.3,78,19
7/18/2024,Dhaka,61,30.7,77,15
7/19/2024,Dhaka,76,30.2,78,2
7/20/2024,Dhaka,80,29,74,0
7/21/2024,Dhaka,80,28.3,73,2
7/22/2024,Dhaka,78,30.56,72,1
7/23/2024,Dhaka,82,32.22,75,0
7/24/2024,Dhaka,164,33.33,72,0
7/25/2024,Dhaka,30,32.78,76,5
7/26/2024,Dhaka,74,32.78,71,2
7/27/2024,Dhaka,87,28.8,71,2
7/28/2024,Dhaka,112,28.4,67,0
7/29/2024,Dhaka,97,28.3,67,0
7/30/2024,Dhaka,90,27.1,68,7
7/31/2024,Dhaka,93,27.22,72,0
8/1/2024,Dhaka,38,26.11,67,94
8/2/2024,Dhaka,118,27.78,78,22
8/3/2024,Dhaka,78,26.67,75,25
8/4/2024,Dhaka,34,26.67,70,40
8/5/2024,Dhaka,38,28.33,83,16
8/6/2024,Dhaka,60,28.33,79,61
8/7/2024,Dhaka,93,27.22,80,17
8/8/2024,Dhaka,20,27.22,81,5
8/9/2024,Dhaka,131,28.33,84,11
8/10/2024,Dhaka,99,26.67,78,18
8/11/2024,Dhaka,112,28.89,88,5
8/12/2024,Dhaka,100,30.56,88,4
8/13/2024,Dhaka,88,28.89,88,38
8/14/2024,Dhaka,106,27.78,86,4
8/15/2024,Dhaka,38,27.22,80,4
8/16/2024,Dhaka,132,29.44,79,54
8/17/2024,Dhaka,120,26.11,79,19
8/18/2024,Dhaka,97,25.56,77,5
8/19/2024,Dhaka,95,25.56,76,3
8/20/2024,Dhaka,114,26.67,78,153
8/21/2024,Dhaka,102,29.44,79,88
8/22/2024,Dhaka,47,28.33,80,41
8/23/2024,Dhaka,158,28.33,78,9
8/24/2024,Dhaka,127,29.44,76,3
8/25/2024,Dhaka,64,29.44,74,32
8/26/2024,Dhaka,187,30,74,9
8/27/2024,Dhaka,120,30,74,4
8/28/2024,Dhaka,161,30,68,0
8/29/2024,Dhaka,68,28.89,71,0
8/30/2024,Dhaka,200,29.6,70,0
8/31/2024,Dhaka,162,27.78,70,0
9/1/2024,Dhaka,129,30,62,29
9/2/2024,Dhaka,113,29.44,70,3
9/3/2024,Dhaka,143,28.89,67,6
9/4/2024,Dhaka,165,29.44,73,1
9/5/2024,Dhaka,72,30.56,80,24
9/6/2024,Dhaka,257,30.56,80,0
9/7/2024,Dhaka,208,30.56,80,0
9/8/2024,Dhaka,323,30,79,0
9/9/2024,Dhaka,205,30.56,81,0
9/10/2024,Dhaka,188,30.56,79,2
9/11/2024,Dhaka,304,32.22,87,0
9/12/2024,Dhaka,103,31.67,88,4
9/13/2024,Dhaka,359,30,87,0
9/14/2024,Dhaka,247,27.78,83,0
9/15/2024,Dhaka,206,29.44,83,0
9/16/2024,Dhaka,367,31.11,82,0
9/17/2024,Dhaka,401,31.67,86,0
9/18/2024,Dhaka,362,31.67,81,0
9/19/2024,Dhaka,169,32.78,80,0
9/20/2024,Dhaka,395,27.78,78,5
9/21/2024,Dhaka,326,30.56,78,0
9/22/2024,Dhaka,327,32.22,76,14
9/23/2024,Dhaka,279,29.44,75,0
9/24/2024,Dhaka,365,26.11,76,0
9/25/2024,Dhaka,363,26.67,76,15
9/26/2024,Dhaka,166,28.33,71,50
9/27/2024,Dhaka,387,27.78,72,4
9/28/2024,Dhaka,453,26.67,70,2
9/29/2024,Dhaka,449,28.89,68,31
9/30/2024,Dhaka,461,26.67,68,123
10/1/2024,Dhaka,391,29.44,67,68
10/2/2024,Dhaka,423,26.67,74,102
10/3/2024,Dhaka,164,26.11,72,0
10/4/2024,Dhaka,441,25.56,70,7
10/5/2024,Dhaka,465,27.78,78,99
10/6/2024,Dhaka,445,27.22,79,83
10/7/2024,Dhaka,392,25.56,79,1
10/8/2024,Dhaka,441,26.67,82,0
10/9/2024,Dhaka,260,27.22,78,7
10/10/2024,Dhaka,225,25.56,74,2
10/11/2024,Dhaka,343,27.22,86,17
10/12/2024,Dhaka,342,26.67,82,7
10/13/2024,Dhaka,517,27.78,85,5
10/14/2024,Dhaka,349,26.67,79,0
10/15/2024,Dhaka,269,27.22,80,0
10/16/2024,Dhaka,419,26.11,78,0
10/17/2024,Dhaka,210,26.11,79,0
10/18/2024,Dhaka,470,26.11,73,1
10/19/2024,Dhaka,477,27.78,72,3
10/20/2024,Dhaka,403,28.33,76,10
10/21/2024,Dhaka,417,29.44,77,0
10/22/2024,Dhaka,457,26.11,79,0
10/23/2024,Dhaka,399,25,81,0
10/24/2024,Dhaka,228,27.22,77,4
10/25/2024,Dhaka,401,27.22,73,4
10/26/2024,Dhaka,461,27.22,69,0
10/27/2024,Dhaka,421,27.78,67,0
10/28/2024,Dhaka,503,28.33,69,0
10/29/2024,Dhaka,415,26.67,67,0
10/30/2024,Dhaka,497,26.67,67,0
10/31/2024,Dhaka,176,26.67,64,10
11/1/2024,Dhaka,474,25.56,62,1
11/2/2024,Dhaka,440,26.67,62,0
11/3/2024,Dhaka,430,27.22,67,0
11/4/2024,Dhaka,525,26.11,72,0
11/5/2024,Dhaka,400,24.44,78,0
11/6/2024,Dhaka,422,25.56,76,3
11/7/2024,Dhaka,242,25,75,0
11/8/2024,Dhaka,409,25,70,0
11/9/2024,Dhaka,443,25,74,0
11/10/2024,Dhaka,441,25.56,68,0
11/11/2024,Dhaka,430,25.56,72,0
11/12/2024,Dhaka,396,25,68,0
11/13/2024,Dhaka,415,25.56,68,0
11/14/2024,Dhaka,207,24.44,76,0
11/15/2024,Dhaka,404,24.44,76,0
11/16/2024,Dhaka,376,24.44,72,0
11/17/2024,Dhaka,380,23.1,72,0
11/18/2024,Dhaka,405,23,71,0
11/19/2024,Dhaka,371,22.5,68,0
11/20/2024,Dhaka,358,22.2,64,0
11/21/2024,Dhaka,181,22.78,66,0
11/22/2024,Dhaka,391,21.11,65,0
11/23/2024,Dhaka,337,21.67,66,0
11/24/2024,Dhaka,333,22.22,67,0
11/25/2024,Dhaka,345,22.22,65,0
11/26/2024,Dhaka,306,22.22,65,0
11/27/2024,Dhaka,300,22.78,65,0
11/28/2024,Dhaka,177,23.89,62,0
11/29/2024,Dhaka,319,24.44,60,0
11/30/2024,Dhaka,276,20,61,0
12/1/2024,Dhaka,269,23.33,59,0
12/2/2024,Dhaka,243,23.33,59,0
12/3/2024,Dhaka,225,21.67,63,0
12/4/2024,Dhaka,208,21.11,63,0
12/5/2024,Dhaka,109,20.56,79,0
12/6/2024,Dhaka,268,19.44,78,0
12/7/2024,Dhaka,240,19.44,76,0
12/8/2024,Dhaka,200,21.11,79,0
12/9/2024,Dhaka,176,20,79,0
12/10/2024,Dhaka,169,19.44,73,0
12/11/2024,Dhaka,154,19.44,76,0
12/12/2024,Dhaka,87,18.89,75,0
12/13/2024,Dhaka,161,18.33,76,0
12/14/2024,Dhaka,132,18.89,75,0
12/15/2024,Dhaka,44,21.67,73,0
12/16/2024,Dhaka,121,21.7,75,0
12/17/2024,Dhaka,84,22,75,0
12/18/2024,Dhaka,70,22.2,74,1
12/19/2024,Dhaka,35,22.6,75,0
12/20/2024,Dhaka,70,20.3,74,0
12/21/2024,Dhaka,49,20.3,74,0
12/22/2024,Dhaka,70,22.6,71,0
12/23/2024,Dhaka,65,18.8,72,0
12/24/2024,Dhaka,24,18.9,74,0
12/25/2024,Dhaka,42,17.5,73,0
12/26/2024,Dhaka,25,17.6,75,0
12/27/2024,Dhaka,43,17,75,0
12/28/2024,Dhaka,46,19,72,0
12/29/2024,Dhaka,40,15.2,76,0
12/30/2024,Dhaka,30,14,73,0
